cbsa23,cbsatype23,CBSAName23,pop20,afact
10100,Micro,"Aberdeen, SD",42287,1
10140,Micro,"Aberdeen, WA",75636,1
10180,Metro,"Abilene, TX",176579,1
10220,Micro,"Ada, OK",38065,1
10300,Micro,"Adrian, MI",99423,1
10380,Metro,"Aguadilla, PR",253768,1
10420,Metro,"Akron, OH",702219,1
10460,Micro,"Alamogordo, NM",67839,1
10480,Micro,"Alamosa, CO",27336,1
10500,Metro,"Albany, GA",148922,1
10540,Metro,"Albany, OR",128610,1
10580,Metro,"Albany-Schenectady-Troy, NY",899262,1
10620,Micro,"Albemarle, NC",62504,1
10660,Micro,"Albert Lea, MN",30895,1
10700,Micro,"Albertville, AL",97612,1
10740,Metro,"Albuquerque, NM",916528,1
10760,Micro,"Alexander City, AL",41311,1
10780,Metro,"Alexandria, LA",152192,1
10820,Micro,"Alexandria, MN",39006,1
10860,Micro,"Alice, TX",45967,1
10900,Metro,"Allentown-Bethlehem-Easton, PA-NJ",861889,1
10940,Micro,"Alma, MI",41761,1
10980,Micro,"Alpena, MI",28907,1
11020,Metro,"Altoona, PA",122822,1
11060,Micro,"Altus, OK",24785,1
11100,Metro,"Amarillo, TX",268691,1
11140,Micro,"Americus, GA",34163,1
11180,Metro,"Ames, IA",125252,1
11200,Metro,"Amherst Town-Northampton, MA",162308,1
11220,Micro,"Amsterdam, NY",49532,1
11260,Metro,"Anchorage, AK",398328,1
11360,Micro,"Anderson Creek, NC",133568,1
11380,Micro,"Andrews, TX",18610,1
11420,Micro,"Angola, IN",34435,1
11460,Metro,"Ann Arbor, MI",372258,1
11500,Metro,"Anniston-Oxford, AL",116441,1
11540,Metro,"Appleton, WI",243147,1
11580,Micro,"Arcadia, FL",33976,1
11620,Micro,"Ardmore, OK",48003,1
11640,Metro,"Arecibo, PR",182705,1
11660,Micro,"Arkadelphia, AR",21446,1
11680,Micro,"Arkansas City-Winfield, KS",34549,1
11700,Metro,"Asheville, NC",406926,1
11740,Micro,"Ashland, OH",52447,1
11820,Micro,"Astoria, OR",41072,1
11860,Micro,"Atchison, KS",16348,1
11900,Micro,"Athens, OH",62431,1
11940,Micro,"Athens, TN",66034,1
11980,Micro,"Athens, TX",82150,1
12020,Metro,"Athens-Clarke County, GA",215415,1
12060,Metro,"Atlanta-Sandy Springs-Roswell, GA",6104803,1
12100,Metro,"Atlantic City-Hammonton, NJ",369797,1
12140,Micro,"Auburn, IN",43265,1
12180,Micro,"Auburn, NY",76248,1
12220,Metro,"Auburn-Opelika, AL",193773,1
12260,Metro,"Augusta-Richmond County, GA-SC",611000,1
12300,Micro,"Augusta-Waterville, ME",123642,1
12380,Micro,"Austin, MN",40029,1
12420,Metro,"Austin-Round Rock-San Marcos, TX",2283371,1
12460,Micro,"Bainbridge, GA",29367,1
12520,Micro,"Baker City, OR",16668,1
12540,Metro,"Bakersfield-Delano, CA",909235,1
12580,Metro,"Baltimore-Columbia-Towson, MD",2844510,1
12620,Metro,"Bangor, ME",152199,1
12660,Micro,"Baraboo, WI",65763,1
12700,Metro,"Barnstable Town, MA",228996,1
12740,Micro,"Barre, VT",59807,1
12780,Micro,"Bartlesville, OK",52455,1
12860,Micro,"Batavia, NY",58388,1
12900,Micro,"Batesville, AR",37938,1
12940,Metro,"Baton Rouge, LA",870569,1
12980,Metro,"Battle Creek, MI",134310,1
13020,Metro,"Bay City, MI",103856,1
13060,Micro,"Bay City, TX",36255,1
13100,Micro,"Beatrice, NE",21704,1
13140,Metro,"Beaumont-Port Arthur, TX",397565,1
13180,Micro,"Beaver Dam, WI",89396,1
13220,Metro,"Beckley, WV",115079,1
13260,Micro,"Bedford, IN",45011,1
13300,Micro,"Beeville, TX",31047,1
13340,Micro,"Bellefontaine, OH",46150,1
13380,Metro,"Bellingham, WA",226847,1
13420,Micro,"Bemidji, MN",46228,1
13460,Metro,"Bend, OR",247493,1
13540,Micro,"Bennington, VT",37347,1
13660,Micro,"Big Rapids, MI",39714,1
13700,Micro,"Big Spring, TX",34860,1
13740,Metro,"Billings, MT",184167,1
13780,Metro,"Binghamton, NY",247138,1
13820,Metro,"Birmingham, AL",1180631,1
13860,Micro,"Bishop, CA",19016,1
13900,Metro,"Bismarck, ND",133626,1
13940,Micro,"Blackfoot, ID",47992,1
13980,Metro,"Blacksburg-Christiansburg-Radford, VA",181854,1
14010,Metro,"Bloomington, IL",170954,1
14020,Metro,"Bloomington, IN",161039,1
14100,Micro,"Bloomsburg-Berwick, PA",64727,1
14140,Micro,"Bluefield, WV-VA",100093,1
14180,Micro,"Blytheville, AR",40685,1
14220,Micro,"Bogalusa, LA",45463,1
14260,Metro,"Boise City, ID",764718,1
14300,Micro,"Bonham, TX",35662,1
14380,Micro,"Boone, NC",54086,1
14420,Micro,"Borger, TX",20617,1
14460,Metro,"Boston-Cambridge-Newton, MA-NH",4941632,1
14500,Metro,"Boulder, CO",330758,1
14540,Metro,"Bowling Green, KY",179639,1
14580,Metro,"Bozeman, MT",118960,1
14620,Micro,"Bradford, PA",40432,1
14660,Micro,"Brainerd, MN",96189,1
14700,Micro,"Branson, MO",56066,1
14710,Micro,"Brattleboro, VT",45905,1
14720,Micro,"Breckenridge, CO",38491,1
14740,Metro,"Bremerton-Silverdale-Port Orchard, WA",275611,1
14780,Micro,"Brenham, TX",35805,1
14820,Micro,"Brevard, NC",32986,1
14940,Micro,"Brigham City, UT-ID",62230,1
15020,Micro,"Brookhaven, MS",34907,1
15060,Micro,"Brookings, OR",23446,1
15100,Micro,"Brookings, SD",34375,1
15180,Metro,"Brownsville-Harlingen, TX",421017,1
15220,Micro,"Brownwood, TX",38095,1
15260,Metro,"Brunswick-St. Simons, GA",113495,1
15340,Micro,"Bucyrus, OH",42025,1
15380,Metro,"Buffalo-Cheektowaga, NY",1166902,1
15420,Micro,"Burley, ID",46268,1
15460,Micro,"Burlington, IA-IL",45297,1
15500,Metro,"Burlington, NC",171415,1
15540,Metro,"Burlington-South Burlington, VT",225562,1
15580,Micro,"Butte-Silver Bow, MT",35133,1
15620,Micro,"Cadillac, MI",48725,1
15660,Micro,"Calhoun, GA",57544,1
15700,Micro,"Cambridge, MD",32531,1
15740,Micro,"Cambridge, OH",38438,1
15780,Micro,"Camden, AR",27389,1
15820,Micro,"Campbellsville, KY",37130,1
15860,Micro,"Cañon City, CO",48939,1
15900,Micro,"Canton, IL",33609,1
15940,Metro,"Canton-Massillon, OH",401574,1
15980,Metro,"Cape Coral-Fort Myers, FL",760822,1
16020,Metro,"Cape Girardeau, MO-IL",97517,1
16060,Micro,"Carbondale, IL",52974,1
16100,Micro,"Carlsbad-Artesia, NM",62314,1
16140,Micro,"Carroll, IA",20760,1
16180,Metro,"Carson City, NV",58639,1
16220,Metro,"Casper, WY",79955,1
16260,Micro,"Cedar City, UT",57289,1
16300,Metro,"Cedar Rapids, IA",276520,1
16340,Micro,"Cedartown, GA",42853,1
16380,Micro,"Celina, OH",42528,1
16460,Micro,"Centralia, IL",37729,1
16500,Micro,"Centralia, WA",82149,1
16540,Metro,"Chambersburg, PA",155932,1
16580,Metro,"Champaign-Urbana, IL",236072,1
16620,Metro,"Charleston, WV",210605,1
16660,Micro,"Charleston-Mattoon, IL",46863,1
16700,Metro,"Charleston-North Charleston, SC",799636,1
16740,Metro,"Charlotte-Concord-Gastonia, NC-SC",2660329,1
16820,Metro,"Charlottesville, VA",221524,1
16860,Metro,"Chattanooga, TN-GA",562647,1
16940,Metro,"Cheyenne, WY",100512,1
16980,Metro,"Chicago-Naperville-Elgin, IL-IN",9449351,1
17020,Metro,"Chico, CA",211632,1
17060,Micro,"Chillicothe, OH",77093,1
17140,Metro,"Cincinnati, OH-KY-IN",2249797,1
17220,Micro,"Clarksburg, WV",90434,1
17260,Micro,"Clarksdale, MS",21390,1
17300,Metro,"Clarksville, TN-KY",320535,1
17340,Micro,"Clearlake, CA",68163,1
17380,Micro,"Cleveland, MS",30985,1
17410,Metro,"Cleveland, OH",2185825,1
17420,Metro,"Cleveland, TN",126164,1
17500,Micro,"Clewiston, FL",51745,1
17540,Micro,"Clinton, IA",46460,1
17580,Micro,"Clovis, NM",67621,1
17620,Micro,"Coamo, PR",54949,1
17640,Micro,"Coco, PR",25789,1
17650,Micro,"Cody, WY",29624,1
17660,Metro,"Coeur d'Alene, ID",171362,1
17740,Micro,"Coldwater, MI",44862,1
17780,Metro,"College Station-Bryan, TX",268248,1
17820,Metro,"Colorado Springs, CO",755105,1
17860,Metro,"Columbia, MO",210864,1
17900,Metro,"Columbia, SC",829470,1
17980,Metro,"Columbus, GA-AL",328883,1
18020,Metro,"Columbus, IN",82208,1
18060,Micro,"Columbus, MS",69164,1
18100,Micro,"Columbus, NE",44878,1
18140,Metro,"Columbus, OH",2138926,1
18180,Micro,"Concord, NH",153808,1
18220,Micro,"Connersville, IN",23398,1
18260,Micro,"Cookeville, TN",141333,1
18300,Micro,"Coos Bay-North Bend, OR",64929,1
18340,Micro,"Corbin, KY",149863,1
18380,Micro,"Cordele, GA",20128,1
18420,Micro,"Corinth, MS",34740,1
18460,Micro,"Cornelia, GA",46031,1
18500,Micro,"Corning, NY",93584,1
18580,Metro,"Corpus Christi, TX",445763,1
18620,Micro,"Corsicana, TX",52624,1
18660,Micro,"Cortland, NY",46809,1
18700,Metro,"Corvallis, OR",95184,1
18740,Micro,"Coshocton, OH",36612,1
18820,Micro,"Crawfordsville, IN",37936,1
18860,Micro,"Crescent City, CA",27743,1
18880,Metro,"Crestview-Fort Walton Beach-Destin, FL",286973,1
18900,Micro,"Crossville, TN",61145,1
18980,Micro,"Cullman, AL",87866,1
19060,Micro,"Cumberland, MD-WV",95044,1
19100,Metro,"Dallas-Fort Worth-Arlington, TX",7637387,1
19140,Metro,"Dalton, GA",142837,1
19180,Micro,"Danville, IL",74188,1
19220,Micro,"Danville, KY",54889,1
19260,Micro,"Danville, VA",103091,1
19300,Metro,"Daphne-Fairhope-Foley, AL",231767,1
19340,Metro,"Davenport-Moline-Rock Island, IA-IL",384324,1
19430,Metro,"Dayton-Kettering-Beavercreek, OH",814049,1
19460,Metro,"Decatur, AL",156494,1
19500,Metro,"Decatur, IL",103998,1
19540,Micro,"Decatur, IN",35809,1
19580,Micro,"Defiance, OH",38286,1
19620,Micro,"Del Rio, TX",47586,1
19660,Metro,"Deltona-Daytona Beach-Ormond Beach, FL",668921,1
19700,Micro,"Deming, NM",25427,1
19740,Metro,"Denver-Aurora-Centennial, CO",2963821,1
19760,Micro,"DeRidder, LA",36549,1
19780,Metro,"Des Moines-West Des Moines, IA",709466,1
19810,Micro,"Detroit Lakes, MN",35183,1
19820,Metro,"Detroit-Warren-Dearborn, MI",4392041,1
19860,Micro,"Dickinson, ND",38686,1
19940,Micro,"Dixon, IL",34145,1
19980,Micro,"Dodge City, KS",34287,1
20020,Metro,"Dothan, AL",151007,1
20060,Micro,"Douglas, GA",51378,1
20100,Metro,"Dover, DE",181851,1
20140,Micro,"Dublin, GA",58759,1
20180,Micro,"DuBois, PA",80562,1
20220,Metro,"Dubuque, IA",99266,1
20260,Metro,"Duluth, MN-WI",280733,1
20300,Micro,"Dumas, TX",21358,1
20340,Micro,"Duncan, OK",42848,1
20420,Micro,"Durango, CO",55638,1
20460,Micro,"Durant, OK",46067,1
20500,Metro,"Durham-Chapel Hill, NC",588911,1
20540,Micro,"Dyersburg, TN",36801,1
20580,Metro,"Eagle Pass, TX",57887,1
20660,Micro,"Easton, MD",37526,1
20700,Micro,"East Stroudsburg, PA",168327,1
20740,Metro,"Eau Claire, WI",172007,1
20780,Micro,"Edwards, CO",55731,1
20820,Micro,"Effingham, IL",45118,1
20900,Micro,"El Campo, TX",41570,1
20940,Metro,"El Centro, CA",179702,1
20980,Micro,"El Dorado, AR",39054,1
21020,Micro,"Elizabeth City, NC",40568,1
21060,Metro,"Elizabethtown, KY",125569,1
21120,Micro,"Elk City, OK",22410,1
21140,Metro,"Elkhart-Goshen, IN",207047,1
21180,Micro,"Elkins, WV",27932,1
21220,Micro,"Elko, NV",55557,1
21260,Micro,"Ellensburg, WA",44337,1
21300,Metro,"Elmira, NY",84148,1
21340,Metro,"El Paso, TX",868859,1
21380,Micro,"Emporia, KS",34751,1
21420,Metro,"Enid, OK",62846,1
21460,Micro,"Enterprise, AL",53465,1
21500,Metro,"Erie, PA",270876,1
21540,Micro,"Escanaba, MI",36903,1
21580,Micro,"Española, NM",40363,1
21640,Micro,"Eufaula, AL-GA",27458,1
21660,Metro,"Eugene-Springfield, OR",382971,1
21700,Micro,"Eureka-Arcata, CA",136463,1
21740,Micro,"Evanston, WY-UT",22960,1
21780,Metro,"Evansville, IN",269256,1
21820,Metro,"Fairbanks-College, AK",95655,1
21860,Micro,"Fairmont, MN",20025,1
21900,Micro,"Fairmont, WV",56205,1
21980,Micro,"Fallon, NV",25516,1
22020,Metro,"Fargo, ND-MN",249843,1
22060,Micro,"Faribault-Northfield, MN",67097,1
22100,Micro,"Farmington, MO",66922,1
22140,Metro,"Farmington, NM",121661,1
22180,Metro,"Fayetteville, NC",386810,1
22190,Micro,"Fayetteville, TN",35319,1
22220,Metro,"Fayetteville-Springdale-Rogers, AR",546725,1
22260,Micro,"Fergus Falls, MN",60081,1
22300,Micro,"Findlay, OH",74920,1
22340,Micro,"Fitzgerald, GA",17194,1
22380,Metro,"Flagstaff, AZ",145101,1
22420,Metro,"Flint, MI",406211,1
22500,Metro,"Florence, SC",199964,1
22520,Metro,"Florence-Muscle Shoals, AL",150791,1
22540,Metro,"Fond du Lac, WI",104154,1
22580,Micro,"Forest City, NC",64444,1
22620,Micro,"Forrest City, AR",23090,1
22660,Metro,"Fort Collins-Loveland, CO",359066,1
22700,Micro,"Fort Dodge, IA",36999,1
22780,Micro,"Fort Leonard Wood, MO",53955,1
22800,Micro,"Fort Madison, IA",33555,1
22820,Micro,"Fort Morgan, CO",29111,1
22840,Micro,"Fort Payne, AL",71608,1
22900,Metro,"Fort Smith, AR-OK",227213,1
23060,Metro,"Fort Wayne, IN",447781,1
23140,Micro,"Frankfort, IN",33190,1
23180,Micro,"Frankfort, KY",75393,1
23190,Micro,"Franklin, KY",19594,1
23240,Micro,"Fredericksburg, TX",26725,1
23300,Micro,"Freeport, IL",44630,1
23340,Micro,"Fremont, NE",37167,1
23380,Micro,"Fremont, OH",58896,1
23420,Metro,"Fresno, CA",1164909,1
23460,Metro,"Gadsden, AL",103436,1
23500,Micro,"Gaffney, SC",56216,1
23540,Metro,"Gainesville, FL",339247,1
23580,Metro,"Gainesville, GA",203136,1
23620,Micro,"Gainesville, TX",41668,1
23660,Micro,"Galesburg, IL",49967,1
23680,Micro,"Gallipolis, OH",29220,1
23700,Micro,"Gallup, NM",72902,1
23780,Micro,"Garden City, KS",38470,1
23820,Micro,"Gardnerville Ranchos, NV-CA",50692,1
23900,Metro,"Gettysburg, PA",103852,1
23940,Micro,"Gillette, WY",47026,1
23980,Micro,"Glasgow, KY",54771,1
24020,Metro,"Glens Falls, NY",127039,1
24100,Micro,"Gloversville, NY",53324,1
24140,Metro,"Goldsboro, NC",117333,1
24180,Micro,"Granbury, TX",61598,1
24220,Metro,"Grand Forks, ND-MN",104362,1
24260,Metro,"Grand Island, NE",77038,1
24300,Metro,"Grand Junction, CO",155703,1
24330,Micro,"Grand Rapids, MN",45014,1
24340,Metro,"Grand Rapids-Wyoming-Kentwood, MI",1150015,1
24420,Metro,"Grants Pass, OR",88090,1
24460,Micro,"Great Bend, KS",25493,1
24500,Metro,"Great Falls, MT",84414,1
24540,Metro,"Greeley, CO",328981,1
24580,Metro,"Green Bay, WI",328268,1
24600,Micro,"Greencastle, IN",36726,1
24620,Micro,"Greeneville, TN",70152,1
24640,Micro,"Greenfield, MA",71029,1
24660,Metro,"Greensboro-High Point, NC",776566,1
24700,Micro,"Greensburg, IN",26472,1
24740,Micro,"Greenville, MS",44922,1
24780,Metro,"Greenville, NC",170243,1
24820,Micro,"Greenville, OH",51881,1
24860,Metro,"Greenville-Anderson-Greer, SC",928195,1
24900,Micro,"Greenwood, MS",38337,1
24940,Micro,"Greenwood, SC",93646,1
24980,Micro,"Grenada, MS",31451,1
25020,Metro,"Guayama, PR",68442,1
25060,Metro,"Gulfport-Biloxi, MS",416259,1
25100,Micro,"Guymon, OK",21384,1
25180,Metro,"Hagerstown-Martinsburg, MD-WV",293844,1
25200,Micro,"Hailey, ID",30476,1
25220,Metro,"Hammond, LA",133157,1
25260,Metro,"Hanford-Corcoran, CA",152486,1
25300,Micro,"Hannibal, MO",38880,1
25420,Metro,"Harrisburg-Carlisle, PA",591712,1
25460,Micro,"Harrison, AR",44598,1
25500,Metro,"Harrisonburg, VA",135571,1
25580,Micro,"Hastings, NE",40704,1
25620,Metro,"Hattiesburg, MS",153891,1
25700,Micro,"Hays, KS",28934,1
25720,Micro,"Heber, UT",77145,1
25740,Metro,"Helena, MT",89832,1
25770,Micro,"Hemlock Farms, PA",58535,1
25775,Micro,"Henderson, KY",57810,1
25780,Micro,"Henderson, NC",42578,1
25820,Micro,"Hereford, TX",18583,1
25840,Micro,"Hermiston-Pendleton, OR",92261,1
25850,Micro,"Hermitage, PA",110652,1
25860,Metro,"Hickory-Lenoir-Morganton, NC",365276,1
25880,Micro,"Hillsdale, MI",45746,1
25900,Micro,"Hilo-Kailua, HI",200629,1
25940,Metro,"Hilton Head Island-Bluffton-Port Royal, SC",215908,1
25980,Metro,"Hinesville, GA",81424,1
26020,Micro,"Hobbs, NM",74455,1
26090,Micro,"Holland, MI",120502,1
26140,Metro,"Homosassa Springs, FL",153843,1
26220,Micro,"Hood River, OR",23977,1
26300,Metro,"Hot Springs, AR",100180,1
26340,Micro,"Houghton, MI",39407,1
26380,Metro,"Houma-Bayou Cane-Thibodaux, LA",207137,1
26420,Metro,"Houston-Pasadena-The Woodlands, TX",7149642,1
26460,Micro,"Hudson, NY",61570,1
26500,Micro,"Huntingdon, PA",44092,1
26540,Micro,"Huntington, IN",36662,1
26580,Metro,"Huntington-Ashland, WV-KY-OH",376155,1
26620,Metro,"Huntsville, AL",491723,1
26660,Micro,"Huntsville, TX",76400,1
26700,Micro,"Huron, SD",19149,1
26740,Micro,"Hutchinson, KS",61898,1
26780,Micro,"Hutchinson, MN",36771,1
26820,Metro,"Idaho Falls, ID",157429,1
26860,Micro,"Indiana, PA",83246,1
26900,Metro,"Indianapolis-Carmel-Greenwood, IN",2089673,1
26980,Metro,"Iowa City, IA",175419,1
27020,Micro,"Iron Mountain, MI-WI",30505,1
27060,Metro,"Ithaca, NY",105740,1
27100,Metro,"Jackson, MI",160366,1
27140,Metro,"Jackson, MS",619968,1
27180,Metro,"Jackson, TN",180504,1
27220,Micro,"Jackson, WY-ID",34961,1
27260,Metro,"Jacksonville, FL",1605848,1
27300,Micro,"Jacksonville, IL",37864,1
27340,Metro,"Jacksonville, NC",204576,1
27380,Micro,"Jacksonville, TX",50412,1
27420,Micro,"Jamestown, ND",21593,1
27460,Micro,"Jamestown-Dunkirk, NY",127657,1
27500,Metro,"Janesville-Beloit, WI",163687,1
27540,Micro,"Jasper, IN",43637,1
27600,Micro,"Jefferson, GA",75907,1
27620,Metro,"Jefferson City, MO",150309,1
27700,Micro,"Jesup, GA",30144,1
27740,Metro,"Johnson City, TN",207285,1
27780,Metro,"Johnstown, PA",133472,1
27860,Metro,"Jonesboro, AR",134196,1
27900,Metro,"Joplin, MO-KS",200771,1
27940,Micro,"Juneau, AK",32255,1
27980,Metro,"Kahului-Wailuku, HI",164836,1
28020,Metro,"Kalamazoo-Portage, MI",261670,1
28060,Micro,"Kalispell, MT",104357,1
28100,Metro,"Kankakee, IL",107502,1
28140,Metro,"Kansas City, MO-KS",2192035,1
28180,Micro,"Kapaa, HI",73298,1
28260,Micro,"Kearney, NE",56772,1
28300,Micro,"Keene, NH",76458,1
28340,Micro,"Kendallville, IN",47457,1
28380,Micro,"Kennett, MO",28283,1
28420,Metro,"Kennewick-Richland, WA",303622,1
28450,Metro,"Kenosha, WI",169151,1
28500,Micro,"Kerrville, TX",52598,1
28540,Micro,"Ketchikan, AK",13948,1
28580,Micro,"Key West-Key Largo, FL",82874,1
28620,Micro,"Kill Devil Hills, NC",36915,1
28660,Metro,"Killeen-Temple, TX",475367,1
28680,Micro,"Kingsland, GA",54768,1
28700,Metro,"Kingsport-Bristol, TN-VA",307614,1
28740,Metro,"Kingston, NY",181851,1
28780,Micro,"Kingsville, TX",31040,1
28820,Micro,"Kinston, NC",55122,1
28860,Micro,"Kirksville, MO",29346,1
28880,Metro,"Kiryas Joel-Poughkeepsie-Newburgh, NY",697221,1
28900,Micro,"Klamath Falls, OR",69413,1
28940,Metro,"Knoxville, TN",903300,1
29020,Metro,"Kokomo, IN",83658,1
29060,Micro,"Laconia, NH",63705,1
29100,Metro,"La Crosse-Onalaska, WI-MN",170341,1
29180,Metro,"Lafayette, LA",408455,1
29200,Metro,"Lafayette-West Lafayette, IN",223716,1
29260,Micro,"La Grande, OR",26196,1
29300,Micro,"LaGrange, GA-AL",104198,1
29340,Metro,"Lake Charles, LA",254652,1
29380,Micro,"Lake City, FL",69698,1
29420,Metro,"Lake Havasu City-Kingman, AZ",213267,1
29460,Metro,"Lakeland-Winter Haven, FL",725046,1
29470,Micro,"Lake of the Woods, VA",36254,1
29540,Metro,"Lancaster, PA",552984,1
29620,Metro,"Lansing-East Lansing, MI",473203,1
29660,Micro,"Laramie, WY",37066,1
29700,Metro,"Laredo, TX",267114,1
29720,Micro,"Lares, PR",28105,1
29740,Metro,"Las Cruces, NM",219561,1
29780,Micro,"Las Vegas, NM",31390,1
29820,Metro,"Las Vegas-Henderson-North Las Vegas, NV",2265461,1
29860,Micro,"Laurel, MS",83613,1
29900,Micro,"Laurinburg, NC",34174,1
29940,Metro,"Lawrence, KS",118785,1
29980,Micro,"Lawrenceburg, TN",44159,1
30020,Metro,"Lawton, OK",126652,1
30060,Micro,"Lebanon, MO",36039,1
30140,Metro,"Lebanon, PA",143257,1
30150,Micro,"Lebanon-Claremont, NH-VT",221211,1
30180,Micro,"Le Mars, IA",25698,1
30260,Micro,"Lewisburg, PA",42681,1
30280,Micro,"Lewisburg, TN",34318,1
30300,Metro,"Lewiston, ID-WA",64375,1
30340,Metro,"Lewiston-Auburn, ME",111139,1
30380,Micro,"Lewistown, PA",46143,1
30420,Micro,"Lexington, NE",26004,1
30460,Metro,"Lexington-Fayette, KY",516811,1
30500,Metro,"Lexington Park, MD",206560,1
30580,Micro,"Liberal, KS",21964,1
30620,Metro,"Lima, OH",102206,1
30660,Micro,"Lincoln, IL",27987,1
30700,Metro,"Lincoln, NE",340217,1
30780,Metro,"Little Rock-North Little Rock-Conway, AR",748031,1
30820,Micro,"Lock Haven, PA",37450,1
30860,Metro,"Logan, UT-ID",147348,1
30900,Micro,"Logansport, IN",37870,1
30980,Metro,"Longview, TX",286184,1
31020,Metro,"Longview-Kelso, WA",110730,1
31060,Micro,"Los Alamos, NM",19419,1
31080,Metro,"Los Angeles-Long Beach-Anaheim, CA",13200998,1
31140,Metro,"Louisville/Jefferson County, KY-IN",1362180,1
31180,Metro,"Lubbock, TX",351268,1
31220,Micro,"Ludington, MI",29052,1
31260,Micro,"Lufkin, TX",86395,1
31300,Micro,"Lumberton, NC",116530,1
31340,Metro,"Lynchburg, VA",261593,1
31380,Micro,"Macomb, IL",27238,1
31420,Metro,"Macon-Bibb County, GA",233802,1
31500,Micro,"Madison, IN",33147,1
31540,Metro,"Madison, WI",680796,1
31580,Micro,"Madisonville, KY",45423,1
31620,Micro,"Magnolia, AR",22801,1
31680,Micro,"Malvern, AR",33040,1
31700,Metro,"Manchester-Nashua, NH",422937,1
31740,Metro,"Manhattan, KS",134046,1
31820,Micro,"Manitowoc, WI",81359,1
31860,Metro,"Mankato, MN",103566,1
31900,Metro,"Mansfield, OH",124936,1
31930,Micro,"Marietta, OH",59771,1
31940,Micro,"Marinette, WI-MI",65374,1
31980,Micro,"Marion, IN",66674,1
32000,Micro,"Marion, NC",44578,1
32020,Micro,"Marion, OH",65359,1
32060,Micro,"Marion-Herrin, IL",67153,1
32100,Micro,"Marquette, MI",66017,1
32140,Micro,"Marshall, MN",25269,1
32180,Micro,"Marshall, MO",23333,1
32260,Micro,"Marshalltown, IA",40105,1
32280,Micro,"Martin, TN",32902,1
32300,Micro,"Martinsville, VA",64433,1
32340,Micro,"Maryville, MO",21241,1
32380,Micro,"Mason City, IA",50570,1
32390,Micro,"Massena-Ogdensburg, NY",108505,1
32420,Metro,"Mayagüez, PR",213831,1
32460,Micro,"Mayfield, KY",36649,1
32540,Micro,"McAlester, OK",43773,1
32580,Metro,"McAllen-Edinburg-Mission, TX",870781,1
32620,Micro,"McComb, MS",54208,1
32660,Micro,"McMinnville, TN",40953,1
32700,Micro,"McPherson, KS",30223,1
32740,Micro,"Meadville, PA",83938,1
32780,Metro,"Medford, OR",223259,1
32820,Metro,"Memphis, TN-MS-AR",1345425,1
32860,Micro,"Menomonie, WI",45440,1
32900,Metro,"Merced, CA",281202,1
32940,Micro,"Meridian, MS",88599,1
33020,Micro,"Mexico, MO",24962,1
33060,Micro,"Miami, OK",30285,1
33100,Metro,"Miami-Fort Lauderdale-West Palm Beach, FL",6138333,1
33140,Metro,"Michigan City-La Porte, IN",112417,1
33180,Micro,"Middlesborough, KY",24097,1
33220,Metro,"Midland, MI",83494,1
33260,Metro,"Midland, TX",175220,1
33300,Micro,"Milledgeville, GA",43799,1
33340,Metro,"Milwaukee-Waukesha, WI",1574731,1
33380,Micro,"Minden, LA",36967,1
33420,Micro,"Mineral Wells, TX",28409,1
33460,Metro,"Minneapolis-St. Paul-Bloomington, MN-WI",3690261,1
33500,Metro,"Minot, ND",77546,1
33540,Metro,"Missoula, MT",122457,1
33580,Micro,"Mitchell, SD",25747,1
33620,Micro,"Moberly, MO",24716,1
33660,Metro,"Mobile, AL",414809,1
33700,Metro,"Modesto, CA",552878,1
33740,Metro,"Monroe, LA",227147,1
33780,Metro,"Monroe, MI",154809,1
33860,Metro,"Montgomery, AL",386047,1
33900,Micro,"Monticello, IN",24688,1
33910,Micro,"Monticello, NY",78624,1
33940,Micro,"Montrose, CO",42679,1
33980,Micro,"Morehead City, NC",67686,1
34020,Micro,"Morgan City, LA",49406,1
34060,Metro,"Morgantown, WV",140038,1
34100,Metro,"Morristown, TN",119182,1
34140,Micro,"Moscow, ID",39517,1
34180,Micro,"Moses Lake, WA",99123,1
34220,Micro,"Moultrie, GA",45898,1
34260,Micro,"Mountain Home, AR",41627,1
34300,Micro,"Mountain Home, ID",28666,1
34340,Micro,"Mount Airy, NC",71359,1
34380,Micro,"Mount Pleasant, MI",64394,1
34420,Micro,"Mount Pleasant, TX",55684,1
34460,Micro,"Mount Sterling, KY",46977,1
34500,Micro,"Mount Vernon, IL",37113,1
34540,Micro,"Mount Vernon, OH",62721,1
34580,Metro,"Mount Vernon-Anacortes, WA",129523,1
34620,Metro,"Muncie, IN",111903,1
34660,Micro,"Murray, KY",37103,1
34680,Micro,"Murrells Inlet, SC",63404,1
34700,Micro,"Muscatine, IA",43235,1
34740,Metro,"Muskegon-Norton Shores, MI",175824,1
34780,Micro,"Muskogee, OK",66339,1
34820,Metro,"Myrtle Beach-Conway-North Myrtle Beach, SC",351029,1
34860,Micro,"Nacogdoches, TX",64653,1
34880,Micro,"Nantucket, MA",14255,1
34900,Metro,"Napa, CA",138019,1
34940,Metro,"Naples-Marco Island, FL",375752,1
34980,Metro,"Nashville-Davidson--Murfreesboro--Franklin, TN",2014444,1
35020,Micro,"Natchez, MS-LA",55485,1
35060,Micro,"Natchitoches, LA",37515,1
35100,Micro,"New Bern, NC",122168,1
35140,Micro,"Newberry, SC",37719,1
35220,Micro,"New Castle, IN",48914,1
35340,Micro,"New Iberia, LA",69929,1
35380,Metro,"New Orleans-Metairie, LA",1007275,1
35420,Micro,"New Philadelphia-Dover, OH",93263,1
35440,Micro,"Newport, OR",50395,1
35460,Micro,"Newport, TN",35999,1
35580,Micro,"New Ulm, MN",25912,1
35620,Metro,"New York-Newark-Jersey City, NY-NJ",20081935,1
35660,Metro,"Niles, MI",154316,1
35700,Micro,"Nogales, AZ",47669,1
35740,Micro,"Norfolk, NE",48744,1
35820,Micro,"North Platte, NE",35392,1
35840,Metro,"North Port-Bradenton-Sarasota, FL",833716,1
35900,Micro,"North Wilkesboro, NC",65969,1
35940,Micro,"Norwalk, OH",58565,1
36020,Micro,"Oak Harbor, WA",86857,1
36100,Metro,"Ocala, FL",375908,1
36180,Micro,"Ocean Pines, MD",52460,1
36220,Metro,"Odessa, TX",165171,1
36260,Metro,"Ogden, UT",637197,1
36340,Micro,"Oil City, PA",50454,1
36380,Micro,"Okeechobee, FL",39644,1
36420,Metro,"Oklahoma City, OK",1425695,1
36460,Micro,"Olean, NY",77042,1
36500,Metro,"Olympia-Lacey-Tumwater, WA",294793,1
36540,Metro,"Omaha, NE-IA",967604,1
36580,Micro,"Oneonta, NY",58524,1
36620,Micro,"Ontario, OR-ID",56957,1
36660,Micro,"Opelousas, LA",82540,1
36700,Micro,"Orangeburg, SC",84223,1
36740,Metro,"Orlando-Kissimmee-Sanford, FL",2673376,1
36780,Metro,"Oshkosh-Neenah, WI",171730,1
36820,Micro,"Oskaloosa, IA",22190,1
36830,Micro,"Othello, WA",20613,1
36837,Micro,"Ottawa, IL",148539,1
36840,Micro,"Ottawa, KS",25996,1
36900,Micro,"Ottumwa, IA",35437,1
36940,Micro,"Owatonna, MN",37406,1
36980,Metro,"Owensboro, KY",112464,1
37020,Micro,"Owosso, MI",68094,1
37060,Micro,"Oxford, MS",68294,1
37100,Metro,"Oxnard-Thousand Oaks-Ventura, CA",843843,1
37120,Micro,"Ozark, AL",49326,1
37140,Metro,"Paducah, KY-IL",103486,1
37220,Micro,"Pahrump, NV",51591,1
37260,Micro,"Palatka, FL",73321,1
37300,Micro,"Palestine, TX",57922,1
37340,Metro,"Palm Bay-Melbourne-Titusville, FL",606612,1
37420,Micro,"Pampa, TX",22054,1
37460,Metro,"Panama City-Panama City Beach, FL",200534,1
37500,Micro,"Paragould, AR",45736,1
37540,Micro,"Paris, TN",32199,1
37580,Micro,"Paris, TX",61675,1
37620,Metro,"Parkersburg-Vienna, WV",89490,1
37740,Micro,"Payson, AZ",53272,1
37800,Micro,"Pella, IA",33414,1
37860,Metro,"Pensacola-Ferry Pass-Brent, FL",509905,1
37900,Metro,"Peoria, IL",368782,1
37940,Micro,"Peru, IN",35962,1
37950,Micro,"Petoskey, MI",34112,1
37980,Metro,"Philadelphia-Camden-Wilmington, PA-NJ-DE-MD",6245051,1
38060,Metro,"Phoenix-Mesa-Chandler, AZ",4845832,1
38100,Micro,"Picayune, MS",56145,1
38180,Micro,"Pierre, SD",20745,1
38210,Micro,"Pikeville, KY",94611,1
38220,Micro,"Pine Bluff, AR",74810,1
38240,Metro,"Pinehurst-Southern Pines, NC",99727,1
38260,Micro,"Pittsburg, KS",38972,1
38300,Metro,"Pittsburgh, PA",2457000,1
38340,Metro,"Pittsfield, MA",129026,1
38380,Micro,"Plainview, TX",37924,1
38420,Micro,"Platteville, WI",51938,1
38460,Micro,"Plattsburgh, NY",79843,1
38500,Micro,"Plymouth, IN",46095,1
38540,Metro,"Pocatello, ID",87018,1
38620,Micro,"Ponca City, OK",43700,1
38660,Metro,"Ponce, PR",278477,1
38700,Micro,"Pontiac, IL",35815,1
38740,Micro,"Poplar Bluff, MO",42130,1
38820,Micro,"Port Angeles, WA",77155,1
38860,Metro,"Portland-South Portland, ME",551740,1
38900,Metro,"Portland-Vancouver-Hillsboro, OR-WA",2512859,1
38920,Micro,"Port Lavaca, TX",20106,1
38940,Metro,"Port St. Lucie, FL",487657,1
39020,Micro,"Portsmouth, OH",74008,1
39040,Micro,"Port Townsend, WA",32977,1
39060,Micro,"Pottsville, PA",143049,1
39150,Metro,"Prescott Valley-Prescott, AZ",236209,1
39220,Micro,"Price, UT",20412,1
39300,Metro,"Providence-Warwick, RI-MA",1676579,1
39340,Metro,"Provo-Orem-Lehi, UT",671185,1
39380,Metro,"Pueblo, CO",168162,1
39420,Micro,"Pullman, WA",47973,1
39460,Metro,"Punta Gorda, FL",186847,1
39500,Micro,"Quincy, IL-MO",75769,1
39540,Metro,"Racine-Mount Pleasant, WI",197727,1
39580,Metro,"Raleigh-Cary, NC",1413982,1
39660,Metro,"Rapid City, SD",147392,1
39700,Micro,"Raymondville, TX",20164,1
39740,Metro,"Reading, PA",428849,1
39780,Micro,"Red Bluff, CA",65829,1
39820,Metro,"Redding, CA",182155,1
39860,Micro,"Red Wing, MN",47582,1
39900,Metro,"Reno, NV",549831,1
39940,Micro,"Rexburg, ID",66301,1
39960,Micro,"Rice Lake, WI",46711,1
39980,Micro,"Richmond, IN",66553,1
40060,Metro,"Richmond, VA",1314434,1
40080,Micro,"Richmond-Berea, KY",122901,1
40090,Micro,"Rifle, CO",79043,1
40100,Micro,"Rio Grande City-Roma, TX",65920,1
40140,Metro,"Riverside-San Bernardino-Ontario, CA",4599839,1
40180,Micro,"Riverton, WY",39234,1
40220,Metro,"Roanoke, VA",315251,1
40260,Micro,"Roanoke Rapids, NC",66093,1
40300,Micro,"Rochelle, IL",51788,1
40340,Metro,"Rochester, MN",226329,1
40380,Metro,"Rochester, NY",1065361,1
40420,Metro,"Rockford, IL",338798,1
40460,Micro,"Rockingham, NC",42946,1
40540,Micro,"Rock Springs, WY",42272,1
40580,Metro,"Rocky Mount, NC",143870,1
40620,Micro,"Rolla, MO",44638,1
40660,Metro,"Rome, GA",98584,1
40700,Micro,"Roseburg, OR",111201,1
40740,Micro,"Roswell, NM",65157,1
40760,Micro,"Ruidoso, NM",20269,1
40770,Micro,"Russellville, AL",32113,1
40780,Micro,"Russellville, AR",83644,1
40820,Micro,"Ruston, LA",48396,1
40860,Micro,"Rutland, VT",60572,1
40900,Metro,"Sacramento-Roseville-Folsom, CA",2397382,1
40940,Micro,"Safford, AZ",38533,1
40980,Metro,"Saginaw, MI",190124,1
41060,Metro,"St. Cloud, MN",199671,1
41100,Metro,"St. George, UT",180279,1
41140,Metro,"St. Joseph, MO-KS",121467,1
41180,Metro,"St. Louis, MO-IL",2820253,1
41260,Micro,"St. Marys, PA",30990,1
41400,Micro,"Salem, OH",101877,1
41420,Metro,"Salem, OR",433353,1
41460,Micro,"Salina, KS",60038,1
41500,Metro,"Salinas, CA",439035,1
41540,Metro,"Salisbury, MD",128208,1
41620,Metro,"Salt Lake City-Murray, UT",1257936,1
41660,Metro,"San Angelo, TX",121516,1
41700,Metro,"San Antonio-New Braunfels, TX",2558143,1
41740,Metro,"San Diego-Chula Vista-Carlsbad, CA",3298634,1
41760,Micro,"Sandpoint, ID",47110,1
41780,Metro,"Sandusky, OH",115986,1
41820,Micro,"Sanford, NC",63285,1
41860,Metro,"San Francisco-Oakland-Fremont, CA",4749008,1
41940,Metro,"San Jose-Sunnyvale-Santa Clara, CA",2000468,1
41980,Metro,"San Juan-Bayamón-Caguas, PR",2081265,1
42020,Metro,"San Luis Obispo-Paso Robles, CA",282424,1
42100,Metro,"Santa Cruz-Watsonville, CA",270861,1
42140,Metro,"Santa Fe, NM",154823,1
42200,Metro,"Santa Maria-Santa Barbara, CA",448229,1
42220,Metro,"Santa Rosa-Petaluma, CA",488863,1
42300,Micro,"Sault Ste. Marie, MI",36785,1
42340,Metro,"Savannah, GA",404798,1
42380,Micro,"Sayre, PA",59967,1
42420,Micro,"Scottsbluff, NE",36758,1
42460,Micro,"Scottsboro, AL",52579,1
42540,Metro,"Scranton--Wilkes-Barre, PA",567559,1
42580,Micro,"Seaford, DE",237378,1
42620,Micro,"Searcy, AR",76822,1
42660,Metro,"Seattle-Tacoma-Bellevue, WA",4018762,1
42680,Metro,"Sebastian-Vero Beach-West Vero Corridor, FL",159788,1
42700,Metro,"Sebring, FL",101235,1
42740,Micro,"Sedalia, MO",42980,1
42780,Micro,"Selinsgrove, PA",39736,1
42820,Micro,"Selma, AL",38462,1
42860,Micro,"Seneca, SC",78607,1
42900,Micro,"Seneca Falls, NY",33814,1
42940,Micro,"Sevierville, TN",98380,1
42980,Micro,"Seymour, IN",46428,1
43020,Micro,"Shawano, WI",45136,1
43060,Micro,"Shawnee, OK",72454,1
43100,Metro,"Sheboygan, WI",118034,1
43140,Micro,"Shelby-Kings Mountain, NC",99519,1
43180,Micro,"Shelbyville, TN",50237,1
43220,Micro,"Shelton, WA",65726,1
43260,Micro,"Sheridan, WY",30921,1
43300,Metro,"Sherman-Denison, TX",135543,1
43320,Micro,"Show Low, AZ",106717,1
43340,Metro,"Shreveport-Bossier City, LA",393406,1
43380,Micro,"Sidney, OH",48230,1
43420,Metro,"Sierra Vista-Douglas, AZ",125447,1
43460,Micro,"Sikeston, MO",50636,1
43500,Micro,"Silver City, NM",28185,1
43580,Metro,"Sioux City, IA-NE-SD",144334,1
43620,Metro,"Sioux Falls, SD-MN",286434,1
43640,Metro,"Slidell-Mandeville-Covington, LA",264570,1
43660,Micro,"Snyder, TX",16932,1
43700,Micro,"Somerset, KY",65034,1
43740,Micro,"Somerset, PA",74129,1
43760,Micro,"Sonora, CA",55620,1
43780,Metro,"South Bend-Mishawaka, IN-MI",324501,1
43890,Micro,"Sparta, WI",46274,1
43900,Metro,"Spartanburg, SC",355241,1
43940,Micro,"Spearfish, SD",25768,1
43980,Micro,"Spencer, IA",16384,1
44020,Micro,"Spirit Lake, IA",17703,1
44060,Metro,"Spokane-Spokane Valley, WA",585784,1
44100,Metro,"Springfield, IL",208640,1
44140,Metro,"Springfield, MA",465825,1
44180,Metro,"Springfield, MO",475432,1
44220,Metro,"Springfield, OH",136001,1
44260,Micro,"Starkville, MS",61714,1
44300,Metro,"State College, PA",158172,1
44340,Micro,"Statesboro, GA",91873,1
44420,Metro,"Staunton-Stuarts Draft, VA",125433,1
44460,Micro,"Steamboat Springs, CO",38121,1
44500,Micro,"Stephenville, TX",42545,1
44540,Micro,"Sterling, CO",21528,1
44580,Micro,"Sterling, IL",55691,1
44620,Micro,"Stevens Point-Plover, WI",70377,1
44660,Micro,"Stillwater, OK",81646,1
44700,Metro,"Stockton-Lodi, CA",779233,1
44740,Micro,"Storm Lake, IA",20823,1
44780,Micro,"Sturgis, MI",60939,1
44860,Micro,"Sulphur Springs, TX",36787,1
44900,Micro,"Summerville, GA",24965,1
44940,Metro,"Sumter, SC",105556,1
44980,Micro,"Sunbury, PA",109783,1
45000,Micro,"Susanville, CA",32730,1
45020,Micro,"Sweetwater, TX",14738,1
45060,Metro,"Syracuse, NY",662057,1
45140,Micro,"Tahlequah, OK",47078,1
45180,Micro,"Talladega-Sylacauga, AL",92536,1
45220,Metro,"Tallahassee, FL",384298,1
45300,Metro,"Tampa-St. Petersburg-Clearwater, FL",3175275,1
45340,Micro,"Taos, NM",34489,1
45380,Micro,"Taylorville, IL",34032,1
45460,Metro,"Terre Haute, IN",168875,1
45500,Metro,"Texarkana, TX-AR",147519,1
45520,Micro,"The Dalles, OR",26670,1
45580,Micro,"Thomaston, GA",27700,1
45620,Micro,"Thomasville, GA",72034,1
45660,Micro,"Tiffin, OH",55069,1
45700,Micro,"Tifton, GA",50350,1
45740,Micro,"Toccoa, GA",26784,1
45780,Metro,"Toledo, OH",606240,1
45820,Metro,"Topeka, KS",233152,1
45880,Micro,"Town of Pecos, TX",14748,1
45900,Metro,"Traverse City, MI",153448,1
45940,Metro,"Trenton-Princeton, NJ",387340,1
45980,Micro,"Troy, AL",33009,1
46020,Micro,"Truckee-Grass Valley, CA",102241,1
46060,Metro,"Tucson, AZ",1043433,1
46100,Micro,"Tullahoma-Manchester, TN",64350,1
46140,Metro,"Tulsa, OK",1015331,1
46180,Micro,"Tupelo, MS",132214,1
46220,Metro,"Tuscaloosa, AL",268674,1
46300,Metro,"Twin Falls, ID",114283,1
46340,Metro,"Tyler, TX",233479,1
46380,Micro,"Ukiah, CA",91601,1
46460,Micro,"Union City, TN",30787,1
46500,Micro,"Urbana, OH",38714,1
46520,Metro,"Urban Honolulu, HI",1016508,1
46540,Metro,"Utica-Rome, NY",292264,1
46580,Micro,"Utuado, PR",28287,1
46620,Micro,"Uvalde, TX",24564,1
46660,Metro,"Valdosta, GA",148126,1
46700,Metro,"Vallejo, CA",453491,1
46780,Micro,"Van Wert, OH",28931,1
46820,Micro,"Vermillion, SD",14967,1
46860,Micro,"Vernal, UT",35620,1
46900,Micro,"Vernon, TX",12887,1
46980,Micro,"Vicksburg, MS",44722,1
47020,Metro,"Victoria, TX",98331,1
47080,Micro,"Vidalia, GA",35640,1
47180,Micro,"Vincennes, IN",36282,1
47220,Metro,"Vineland, NJ",154152,1
47240,Micro,"Vineyard Haven, MA",20600,1
47260,Metro,"Virginia Beach-Chesapeake-Norfolk, VA-NC",1780059,1
47300,Metro,"Visalia, CA",473117,1
47340,Micro,"Wabash, IN",30976,1
47380,Metro,"Waco, TX",295782,1
47420,Micro,"Wahpeton, ND-MN",23035,1
47460,Metro,"Walla Walla, WA",62584,1
47540,Micro,"Wapakoneta, OH",46422,1
47580,Metro,"Warner Robins, GA",191614,1
47620,Micro,"Warren, PA",38587,1
47660,Micro,"Warrensburg, MO",54013,1
47700,Micro,"Warsaw, IN",80240,1
47780,Micro,"Washington, IN",33381,1
47820,Micro,"Washington, NC",44652,1
47900,Metro,"Washington-Arlington-Alexandria, DC-VA-MD-WV",6278542,1
47920,Micro,"Washington Court House, OH",28951,1
47940,Metro,"Waterloo-Cedar Falls, IA",168461,1
47980,Micro,"Watertown, SD",28325,1
48020,Micro,"Watertown-Fort Atkinson, WI",84900,1
48060,Metro,"Watertown-Fort Drum, NY",116721,1
48140,Metro,"Wausau, WI",138013,1
48180,Micro,"Waycross, GA",55967,1
48200,Micro,"Waynesville, NC",62089,1
48220,Micro,"Weatherford, OK",39437,1
48260,Metro,"Weirton-Steubenville, WV-OH",116903,1
48300,Metro,"Wenatchee-East Wenatchee, WA",122012,1
48460,Micro,"West Plains, MO",39750,1
48540,Metro,"Wheeling, WV-OH",139513,1
48580,Micro,"Whitewater-Elkhorn, WI",106478,1
48620,Metro,"Wichita, KS",647610,1
48660,Metro,"Wichita Falls, TX",148128,1
48680,Metro,"Wildwood-The Villages, FL",129752,1
48700,Metro,"Williamsport, PA",114188,1
48780,Micro,"Williston, ND",40950,1
48820,Micro,"Willmar, MN",43732,1
48900,Metro,"Wilmington, NC",422598,1
48940,Micro,"Wilmington, OH",42018,1
48980,Micro,"Wilson, NC",78784,1
49010,Micro,"Winchester, TN",42774,1
49020,Metro,"Winchester, VA-WV",142632,1
49080,Micro,"Winnemucca, NV",17285,1
49100,Micro,"Winona, MN",49671,1
49180,Metro,"Winston-Salem, NC",675966,1
49220,Micro,"Wisconsin Rapids-Marshfield, WI",74207,1
49260,Micro,"Woodward, OK",20470,1
49300,Micro,"Wooster, OH",116894,1
49340,Metro,"Worcester, MA",862111,1
49380,Micro,"Worthington, MN",22290,1
49420,Metro,"Yakima, WA",256728,1
49460,Micro,"Yankton, SD",23310,1
49620,Metro,"York-Hanover, PA",456438,1
49660,Metro,"Youngstown-Warren, OH",430591,1
49700,Metro,"Yuba City, CA",181208,1
49740,Metro,"Yuma, AZ",203881,1
49780,Micro,"Zanesville, OH",86410,1
49820,Micro,"Zapata, TX",13889,1
99999, ,[not in any CBSA],21541361,1